Sensor,Type,Method,IoU,Dice,Precision,Recall,F1
SENTINEL,Classical,RF,0.31121285873154797,0.45413840433234864,0.5834982662760536,0.48259449090081563,0.42747173386462106
SENTINEL,Deep Learning,unet_resnet34,0.6401192729733884,0.7539698012309378,0.7163651786996621,0.821932578912727,0.733969796661337
SENTINEL,Deep Learning,deeplabv3plus_resnet34,0.6471380834770389,0.7594733021328824,0.7119097754526471,0.8221337964192352,0.7344732975571465
SENTINEL,Deep Learning,fpn_resnet34,0.6503473338112236,0.7661526498585917,0.7317337335273261,0.8001277795400243,0.7361526452378011
PALSAR,Classical,RF,0.29986009718850254,0.42159277294842673,0.38868095641029593,0.5563098829120999,0.3949261028299172
PALSAR,Deep Learning,unet_resnet34,0.615787824653089,0.7380215417150181,0.7159906865994974,0.7763502216675588,0.7180215371719701
PALSAR,Deep Learning,deeplabv3plus_resnet34,0.627422348652035,0.7522687188115542,0.7300287824302313,0.7823881865830064,0.7272687142010192
PALSAR,Deep Learning,fpn_resnet34,0.6284858901426196,0.7506752746169486,0.7271359960394206,0.7873256241022966,0.7306752700104227
