{
  "otsu": {
    "iou": 0.39423258999362587,
    "dice": 0.5151123366615206,
    "pixel_accuracy": 0.6304605102539063,
    "precision": 0.47215678939570765,
    "recall": 0.8031955089041964,
    "f1": 0.5151123329881587,
    "roc_auc": 0.6611580063950255,
    "pr_auc": 0.6785748386179767
  },
  "kmeans": {
    "iou": 0.3953924568556249,
    "dice": 0.5154339327941191,
    "pixel_accuracy": 0.6258992004394531,
    "precision": 0.4690627412706153,
    "recall": 0.8109739078822686,
    "f1": 0.5154339291364444,
    "roc_auc": 0.6599943144601867,
    "pr_auc": 0.6799791250732692
  },
  "svm": {
    "iou": 0.5017055903933942,
    "dice": 0.6264240380650169,
    "pixel_accuracy": 0.7915217590332031,
    "precision": 0.5983433711072361,
    "recall": 0.810574043437974,
    "f1": 0.6264240339014954,
    "roc_auc": 0.8719784508482096,
    "pr_auc": 0.7922327372667759
  },
  "gb": {
    "iou": 0.522883002050221,
    "dice": 0.645795592702275,
    "pixel_accuracy": 0.8100352478027344,
    "precision": 0.6131905913990745,
    "recall": 0.8189021620918571,
    "f1": 0.6457955884615671,
    "roc_auc": 0.8940890819606682,
    "pr_auc": 0.8464473296453008
  },
  "rf": {
    "iou": 0.5183963287994265,
    "dice": 0.641312042823434,
    "pixel_accuracy": 0.8099139404296875,
    "precision": 0.6163346126570635,
    "recall": 0.8035407756764472,
    "f1": 0.6413120385819708,
    "roc_auc": 0.889772120661221,
    "pr_auc": 0.8399297234771909
  }
}