{
  "otsu": {
    "iou": 0.2556771303899586,
    "dice": 0.372376878070795,
    "pixel_accuracy": 0.5996287536621093,
    "precision": 0.2721582186550164,
    "recall": 0.8348616703372381,
    "f1": 0.3723768750589552,
    "roc_auc": 0.7055030145701611,
    "pr_auc": 0.5821266632025602
  },
  "kmeans": {
    "iou": 0.2537367737852037,
    "dice": 0.37000729160305673,
    "pixel_accuracy": 0.5925846862792968,
    "precision": 0.2694372460658836,
    "recall": 0.8385377114772113,
    "f1": 0.37000728861404725,
    "roc_auc": 0.7025569355935959,
    "pr_auc": 0.5816502723667768
  },
  "svm": {
    "iou": 0.4557015277631581,
    "dice": 0.5876513352336405,
    "pixel_accuracy": 0.8670498657226563,
    "precision": 0.5130618827805968,
    "recall": 0.8265426576624825,
    "f1": 0.5876513311786166,
    "roc_auc": 0.9313448674164856,
    "pr_auc": 0.7489009873085171
  },
  "gb": {
    "iou": 0.4646687204949558,
    "dice": 0.5973310235290646,
    "pixel_accuracy": 0.8712654113769531,
    "precision": 0.5235347735774165,
    "recall": 0.8299078509058844,
    "f1": 0.5973310194384065,
    "roc_auc": 0.9430774896516814,
    "pr_auc": 0.8365971845215922
  },
  "rf": {
    "iou": 0.4746043536253273,
    "dice": 0.6069724421274091,
    "pixel_accuracy": 0.8754876708984375,
    "precision": 0.5399890367888762,
    "recall": 0.8230038257928637,
    "f1": 0.6069724379924402,
    "roc_auc": 0.9429467492961146,
    "pr_auc": 0.8345389689421141
  }
}